id;date;tweet;neg;neu;pos;com
1.747770740945097e+18;Wed Jan 17 23:59:51 +0000 2024;waww galaxy s24 bikin naksir banget dengan fitur lengkap nonton live samsung unpacked ikutan pre-order #samsungunpacked #galaxys24 @samsungid;0.0;1.0;0.0;0.0
1.7477707080324593e+18;Wed Jan 17 23:59:43 +0000 2024;tertarik gaksih beli galaxy s24 abis nonton live samsung unpacked tadi malem hiks, jadi pengen ikutan pre-order #samsungunpacked #galaxys24 @samsungid;0.0;1.0;0.0;0.0
1.7477707037038884e+18;Wed Jan 17 23:59:42 +0000 2024;bener2 bikin tertarik galaxy s24 nonton live samsung unpacked ikutan pre-order #samsungunpacked #galaxys24 @samsungid;0.0;1.0;0.0;0.0
1.7477706766381015e+18;Wed Jan 17 23:59:35 +0000 2024;galaxy s24 secakep itu gutsss kalian harus nonton live samsung unpacked pasti bikin pengen ikutan pre-order #samsungunpacked #galaxys24 @samsungid;0.0;1.0;0.0;0.0
1.7477706432136236e+18;Wed Jan 17 23:59:28 +0000 2024;marii gass guyss buat ikutan pre-order galaxy s24 nihh, soalnya beneran canggih banget gue abis nonton live samsung unpacked tadi #samsungunpackedâ€¯â€¯â€¯ #galaxys24â€¯â€¯â€¯ @samsungid;0.0;1.0;0.0;0.0
1.7477706079689403e+18;Wed Jan 17 23:59:19 +0000 2024;ngeliat nya ini jadi pengen beli deh galaxy s24 nonton live samsung unpacked ikutan pre-order #samsungunpacked #galaxys24 @samsungid;0.0;1.0;0.0;0.0
1.7477705735210598e+18;Wed Jan 17 23:59:11 +0000 2024;brooo naksir banget sama galaxy s24 gara-gara nonton live samsung unpacked dan liat fitur canggih yg mereka punya. otw ikutan pre-order #samsungunpacked #galaxys24 @samsungid;0.0;1.0;0.0;0.0
1.7477705260877338e+18;Wed Jan 17 23:59:00 +0000 2024;naksirr secara bruntal sama galaxy s24  nonton live samsung unpacked tadi bikin gue pengen ikutan pre-order #samsungunpacked #galaxys24 @samsungid;0.0;1.0;0.0;0.0
1.747770493695099e+18;Wed Jan 17 23:58:52 +0000 2024;yok gazzz pengen beli galaxy s24 nonton live samsung unpacked ikutan pre-order #samsungunpacked #galaxys24 @samsungid;0.0;1.0;0.0;0.0
1.747770486829007e+18;Wed Jan 17 23:58:50 +0000 2024;nah ini yang terbaru galaxy s24. nonton live samsung unpacked ikutan pre-order jadi pengen beli  #samsungunpacked #galaxys24 @samsungid;0.0;1.0;0.0;0.0
1.7477703854820808e+18;Wed Jan 17 23:58:26 +0000 2024;galaxy s24 tuh emang new era of mobile banget gaksii, takjub gue abis nonton live samsung unpacked apa abis ini ikutan pre-order aja yaa? #samsungunpacked #galaxys24 @samsungid;0.0;1.0;0.0;0.0
1.7477703833136374e+18;Wed Jan 17 23:58:26 +0000 2024;secakep ituuu galaxy s24 gue dibuat terpukau pas nonton live samsung unpacked ikutan pre-order dehh gue nantii #samsungunpacked #galaxys24 @samsungid;0.0;1.0;0.0;0.0
1.747770369468207e+18;Wed Jan 17 23:58:22 +0000 2024;kerenn euyy galaxy s24 speknyaa canggih benerr, bikin gue sukakk pas nonton live samsung unpacked gas ga sihh buat ikutan pre-order nyaa #samsungunpackedâ€¯â€¯â€¯ #galaxys24â€¯â€¯â€¯ @samsungid;0.0;1.0;0.0;0.0
1.7477703575731901e+18;Wed Jan 17 23:58:19 +0000 2024;makin penasaran jadi pengen punya galaxy s24 nonton live samsung unpacked ikutan pre-order #samsungunpacked #galaxys24 @samsungid;0.0;1.0;0.0;0.0
1.7477702716948155e+18;Wed Jan 17 23:57:59 +0000 2024;wih keren banget galaxy s24 tadi abis nonton live samsung unpacked jadinya betah berlama-lama nonton live streamingnya karena @samsungid gak main2 ngeluarin produknya #samsungunpackedâ€¯â€¯â€¯ #galaxys24â€¯â€¯â€¯ ikutan pre-order yok;0.0;1.0;0.0;0.0
1.7477702703609695e+18;Wed Jan 17 23:57:59 +0000 2024;billboard samsung dah tukar s24 series.;0.0;1.0;0.0;0.0
1.7477702595186775e+18;Wed Jan 17 23:57:56 +0000 2024;asli dah bener2 kepincut galaxy s24 nonton live samsung unpacked ikutan pre-order #samsungunpacked #galaxys24 @samsungid;0.0;1.0;0.0;0.0
1.747770250727453e+18;Wed Jan 17 23:57:54 +0000 2024;pengen beli galaxy s24 dan  nonton live samsung unpacked ikutan pre-order nya yuk #samsungunpacked #galaxys24 @samsungid;0.0;1.0;0.0;0.0
1.7477702425401142e+18;Wed Jan 17 23:57:52 +0000 2024;cinta banget gue sama galaxy s24 ada futur galaxy ai nyaa woiiu  nonton live samsung unpacked jadi makin pengen ikutan pre-order #samsungunpacked #galaxys24 @samsungid;0.0;1.0;0.0;0.0
1.7477702132513262e+18;Wed Jan 17 23:57:45 +0000 2024;samsung mantull benerr, galaxy s24 canggih banget!! nonton live samsung unpacked tadi jadi naksir benerr #samsungunpackedâ€¯â€¯â€¯ #galaxys24â€¯â€¯â€¯ @samsungid;0.0;1.0;0.0;0.0
1.7477701442214344e+18;Wed Jan 17 23:57:29 +0000 2024;sumpah keren banget galaxy s24 nonton live samsung unpacked ikutan pre-order #samsungunpacked #galaxys24 @samsungid;0.0;1.0;0.0;0.0
1.7477701412938757e+18;Wed Jan 17 23:57:28 +0000 2024;naksir banget sama galaxy s24 ! gue abis nonton live samsung unpacked dan cuyy fiturnya canggih-canggih bajget, jadi yakin mau ikutan pre-order #samsungunpacked #galaxys24 @samsungid;0.0;1.0;0.0;0.0
1.7477701032977247e+18;Wed Jan 17 23:57:19 +0000 2024;waww hadir lagi nih galaxy s24 kita bisa nonton live samsung unpacked dan ikutan pre-order #samsungunpacked #galaxys24 @samsungid;0.0;1.0;0.0;0.0
1.74777006786415e+18;Wed Jan 17 23:57:10 +0000 2024;naksir beratt sama galaxy s24 pas gue nonton live samsung unpacked jadi pengen ikutan pre-order #samsungunpacked #galaxys24 @samsungid;0.0;1.0;0.0;0.0
1.7477699956005358e+18;Wed Jan 17 23:56:53 +0000 2024;gue yakin nih klo galaxy s24 banyak banget yg mau beli, karena canggih banget bikin gue tertarik apalagi nonton live samsung unpacked  #samsungunpackedâ€¯â€¯â€¯ #galaxys24â€¯â€¯â€¯ @samsungid;0.0;1.0;0.0;0.0
1.7477698977306094e+18;Wed Jan 17 23:56:30 +0000 2024;gokil nih fitur galaxy ai galaxy s24 keren mampusss gue pas nonton live samsung unpacked ikutan pre-order sih guee #samsungunpacked #galaxys24 @samsungid;0.0;1.0;0.0;0.0
1.747769845264077e+18;Wed Jan 17 23:56:17 +0000 2024;kalian tertarik gaksih beli galaxy s24 ? gue lagi nonton live samsung unpacked jadi pengen ikutan pre-order dehh #samsungunpacked #galaxys24 @samsungid;0.0;1.0;0.0;0.0
1.747769752163144e+18;Wed Jan 17 23:55:55 +0000 2024;galaxy s24 mantul banget fiturnyaa, kalian nonton live samsung unpacked gaa, sumpah jadi pengen ikutan pre-order #samsungunpacked #galaxys24 @samsungid;0.0;1.0;0.0;0.0
1.7477697458045957e+18;Wed Jan 17 23:55:54 +0000 2024;beneran deh harus bangettt liat galaxy s24 karena se-canggih ituu, gue beneran naksir banget abisnonton live samsung unpacked  #samsungunpackedâ€¯â€¯â€¯ #galaxys24â€¯â€¯â€¯ @samsungid;0.0;1.0;0.0;0.0
1.7477696010549007e+18;Wed Jan 17 23:55:19 +0000 2024;shope offcial ny samsung live s24 jam 2 pagi banget tuh. sampe jam 3 pagi aja masih live;0.0;1.0;0.0;0.0
1.7477695406108268e+18;Wed Jan 17 23:55:05 +0000 2024;sekeren itu galaxy s24 nonton live samsung unpacked jadi pengen ikutan pre-order #samsungunpacked #galaxys24 @samsungid;0.0;1.0;0.0;0.0
1.7477694814963261e+18;Wed Jan 17 23:54:51 +0000 2024;guyss plss kalian harus tau klo galaxy s24 canggih banget nihh, gue abis nonton live samsung unpacked tadi jadi pengen join pre-order nya #samsungunpackedâ€¯â€¯â€¯ #galaxys24â€¯â€¯â€¯ @samsungid;0.0;0.901;0.099;0.296
1.747769443386884e+18;Wed Jan 17 23:54:41 +0000 2024;galaxy s24 nih keren banget brooo apalagi fitur galaxy ai nyaaa  nonton live samsung unpacked jadi pengen ikutan pre-order #samsungunpacked #galaxys24 @samsungid;0.0;1.0;0.0;0.0
1.7477692190628252e+18;Wed Jan 17 23:53:48 +0000 2024;naksir sama galaxy s24 keren bangettt pas nonton live samsung unpacked ikutan pre-order ga kalian?? #samsungunpacked #galaxys24 @samsungid;0.0;1.0;0.0;0.0
1.747769012111745e+18;Wed Jan 17 23:52:59 +0000 2024;galaxy s24 bagus bangett gilaaaa, ga nyesel gue ikut nonton live samsung unpacked ikutan pre-order gasken #samsungunpacked #galaxys24 @samsungid;0.0;1.0;0.0;0.0
1.7477689246227663e+18;Wed Jan 17 23:52:38 +0000 2024;makin gila ajaaa galaxy s24 ternyata sekeren ituu, dibikin terpukau pas nonton live samsung unpacked ikutan pre-order gasss dehh #samsungunpacked #galaxys24 @samsungid;0.0;1.0;0.0;0.0
1.7477688037428884e+18;Wed Jan 17 23:52:09 +0000 2024;samsung galaxy s24 dirilis, cek speknya sebelum membeli https://t.co/9knxax9g44;0.0;1.0;0.0;0.0
1.7477687861100342e+18;Wed Jan 17 23:52:05 +0000 2024;naksir sama galaxy s24 ternyata sekeren ituu, ga nyesel gue ikut nonton live samsung unpacked ikutan pre-order ayooo #samsungunpacked #galaxys24 @samsungid;0.0;1.0;0.0;0.0
1.7477686750701036e+18;Wed Jan 17 23:51:38 +0000 2024;secakep ituu galaxy s24, ga nyesel gue ikut nonton live samsung unpacked ikutan pre-order aja gass yakann #samsungunpacked #galaxys24 @samsungid;0.0;1.0;0.0;0.0
1.747768591196234e+18;Wed Jan 17 23:51:18 +0000 2024;samsung s24 ultra ğŸ˜ğŸ˜;0.0;1.0;0.0;0.0
1.7477685696965222e+18;Wed Jan 17 23:51:13 +0000 2024;galaxy s24 bagus bangettt, ga nyesel gue ikut nonton live samsung unpacked sihh makin yakin buat ikutan pre-order  #samsungunpacked #galaxys24 @samsungid;0.0;1.0;0.0;0.0
1.7477684683201866e+18;Wed Jan 17 23:50:49 +0000 2024;"sedang lihat foto, kepikiran, keren juga nih, s24 bisa edit foto langsung dari galeri, tanpa aplikasi tambahan."" galaxy s24 canggih nonton live samsung unpacked ikutan pre-order #samsungunpacked #galaxys24 @samsungid""";0.0;1.0;0.0;0.0
1.7477684262429248e+18;Wed Jan 17 23:50:39 +0000 2024;galaxy s24 ternyata sekeren ituu, ga nyesel gue ikut nonton live samsung unpacked ikutan pre-order dehh naksir banget #samsungunpacked #galaxys24 @samsungid;0.0;1.0;0.0;0.0
1.747768415207707e+18;Wed Jan 17 23:50:36 +0000 2024;gila sih beneram canggih poll dah galaxy s24, kalian nonton live samsung unpacked dehh pasto bakalan setuju #samsungunpackedâ€¯â€¯â€¯ #galaxys24â€¯â€¯â€¯ @samsungid;0.0;1.0;0.0;0.0
1.747768409046303e+18;Wed Jan 17 23:50:35 +0000 2024;"scroll galeri sambil mikir, galaxy s24 ini bikin kesenengan, bisa langsung edit foto dari sini."" galaxy s24 canggih nonton live samsung unpacked ikutan pre-order #samsungunpacked #galaxys24 @samsungid""";0.0;1.0;0.0;0.0
1.7477682620191992e+18;Wed Jan 17 23:50:00 +0000 2024;kerenn deh hp sekarang dha semakin canggih ya, terutama galaxy s24. live samsung unpacked bener-bener buka mata soal teknologi nihhh!!#samsungunpackedâ€¯â€¯â€¯ #galaxys24â€¯â€¯â€¯ @samsungid73498;0.0;1.0;0.0;0.0
1.7477681843700086e+18;Wed Jan 17 23:49:41 +0000 2024;"lagi sibuk scroll foto, terpikir, gak nyangka ya, bisa ngedit foto langsung di galaxy s24, mantap!"" galaxy s24 canggih nonton live samsung unpacked ikutan pre-order #samsungunpacked #galaxys24 @samsungid""";0.0;1.0;0.0;0.0
1.7477680711657352e+18;Wed Jan 17 23:49:14 +0000 2024;mantul sih galaxy s24 speknyaa canggih banget bikin gue naksir pas nonton live samsung unpacked gas sihh ikutan pre-order #samsungunpacked #galaxys24 @samsungid;0.0;1.0;0.0;0.0
1.7477680180239813e+18;Wed Jan 17 23:49:02 +0000 2024;galaxy s24 tuh keren banget terus paling pentingnya canggih banget bikin gue naksir pas nonton live samsung unpacked gas sihh ikutan pre-order #samsungunpacked #galaxys24 @samsungid;0.0;1.0;0.0;0.0
1.747767989649236e+18;Wed Jan 17 23:48:55 +0000 2024;karna nonton live samsung unpacked gue kok jadi naksir bgt sama galaxy s24 punya fitur2 yg canggih benerrr  #samsungunpackedâ€¯â€¯â€¯â€¯#galaxys24â€¯â€¯â€¯â€¯@samsungid;0.0;1.0;0.0;0.0
1.7477679292137231e+18;Wed Jan 17 23:48:40 +0000 2024;secakep itu galaxy s24 terus canggih banget bikin gue naksir pas nonton live samsung unpacked gas sihh ikutan pre-order #samsungunpacked #galaxys24 @samsungid;0.0;1.0;0.0;0.0
1.7477679016694298e+18;Wed Jan 17 23:48:34 +0000 2024;samsung galaxy s24 ultra vs s23 ultra https://t.co/bpy7xkx6dr https://t.co/uqixywhtmp;0.0;1.0;0.0;0.0
1.7477678865199803e+18;Wed Jan 17 23:48:30 +0000 2024;"gue scroll galeri, kepikiran, nggak nyangka bisa edit foto di s24, jadi gak perlu aplikasi tambahan lagi."" galaxy s24 canggih nonton live samsung unpacked ikutan pre-order #samsungunpacked #galaxys24 @samsungid""";0.0;1.0;0.0;0.0
1.7477678717266002e+18;Wed Jan 17 23:48:27 +0000 2024;yakin banget nih hp bakal banyak yang pengen beli, galaxy s24 canggih banget bikin gue naksir pas nonton live samsung unpacked gas sihh ikutan pre-order #samsungunpacked #galaxys24 @samsungid;0.0;1.0;0.0;0.0
1.747767840231625e+18;Wed Jan 17 23:48:19 +0000 2024;gara2 abis nonton live samsung unpacked #samsungunpackedâ€¯â€¯â€¯ jd naksir dehh, dan pengen join pre-order galaxy s24 #galaxys24â€¯â€¯â€¯â€¯@samsungid;0.0;0.864;0.136;0.296
1.7477677204212987e+18;Wed Jan 17 23:47:51 +0000 2024;ngerasa super penasaran sama galaxy s24 canggih yang bikin gue naksir pas nonton live samsung unpacked jadinya gue ikutan pre-order kan ai nya bagus banget makanya gue pengen order.  #samsungunpacked #galaxys24 @samsungid;0.0;0.865;0.135;0.5994
1.7477677077629217e+18;Wed Jan 17 23:47:48 +0000 2024;sumpah galaxy s24 canggih banget bikin gue naksir pas nonton live samsung unpacked gas sihh ikutan pre-order #samsungunpacked #galaxys24 @samsungid;0.0;1.0;0.0;0.0
1.7477677058964485e+18;Wed Jan 17 23:47:47 +0000 2024;klo kek gini gue beneran tertarik sama galaxy s24 gara-gara  nonton live samsung unpacked tadi. apa gue ikutan pre-order kali ya #samsungunpackedâ€¯â€¯â€¯ #galaxys24â€¯â€¯â€¯ @samsungid;0.0;1.0;0.0;0.0
1.7477676621876306e+18;Wed Jan 17 23:47:37 +0000 2024;kalian harus liat galaxy s24 canggih banget bikin gue naksir pas nonton live samsung unpacked gas sihh ikutan pre-order #samsungunpacked #galaxys24 @samsungid;0.0;1.0;0.0;0.0
1.7477676044445944e+18;Wed Jan 17 23:47:23 +0000 2024;gue sedari awal tertarik galaxy s24 canggih banget bikin gue naksir pas nonton live samsung unpacked gas sihh ikutan pre-order #samsungunpacked #galaxys24 @samsungid;0.0;1.0;0.0;0.0
1.7477675331078922e+18;Wed Jan 17 23:47:06 +0000 2024;tertarik sama galaxy s24 canggih banget bikin gue naksir pas nonton live samsung unpacked gas sihh ikutan pre-order #samsungunpacked #galaxys24 @samsungid;0.0;1.0;0.0;0.0
1.7477675127529226e+18;Wed Jan 17 23:47:01 +0000 2024;gaiss ayo lansung gass galaxy s24  niihh, abis nonton live samsung unpacked juga buat tau fitur2 nya #samsungunpacked #galaxys24â€¯â€¯â€¯ @samsungid;0.0;1.0;0.0;0.0
1.7477674425360348e+18;Wed Jan 17 23:46:44 +0000 2024;kalian udah liat galaxy s24 belum? sumpah canggih banget bikin gue naksir pas nonton live samsung unpacked gas sihh ikutan pre-order #samsungunpacked #galaxys24 @samsungid;0.0;1.0;0.0;0.0
1.747767422126539e+18;Wed Jan 17 23:46:40 +0000 2024;gawat niy galaxy s24 sebagus ituu pas nonton live samsung unpacked  #samsungunpacked #galaxys24 @samsungid;0.0;1.0;0.0;0.0
1.747767357773341e+18;Wed Jan 17 23:46:24 +0000 2024;gue dibuat terpukau sama galaxy s24 canggih banget bikin gue naksir pas nonton live samsung unpacked gas sihh ikutan pre-order #samsungunpacked #galaxys24 @samsungid;0.0;1.0;0.0;0.0
1.7477673163923333e+18;Wed Jan 17 23:46:14 +0000 2024;kecee benerr dehh fitur galaxy ai nya dari galaxy s24, abis nonton live samsung unpacked nih gue #samsungunpackedâ€¯â€¯â€¯ #galaxys24â€¯â€¯â€¯ @samsungid;0.0;1.0;0.0;0.0
1.7477672894775135e+18;Wed Jan 17 23:46:08 +0000 2024;suka banget sama galaxy s24 canggih banget bikin gue naksir pas nonton live samsung unpacked gas sihh ikutan pre-order #samsungunpacked #galaxys24 @samsungid;0.0;1.0;0.0;0.0
1.747767254274679e+18;Wed Jan 17 23:46:00 +0000 2024;mantap banget sama galaxy s24 yang canggih banget bikin gue naksir pas nonton live samsung unpacked gas sihh ikutan pre-order #samsungunpacked #galaxys24 @samsungid;0.0;1.0;0.0;0.0
1.7477671953405258e+18;Wed Jan 17 23:45:45 +0000 2024;ga perlu diraguin sih galaxy s24 canggih banget bikin gue naksir pas nonton live samsung unpacked gas sihh ikutan pre-order #samsungunpacked #galaxys24 @samsungid;0.0;1.0;0.0;0.0
1.7477671758874258e+18;Wed Jan 17 23:45:41 +0000 2024;gara2 gue nonton live samsung unpacked gue jadi pengen join pre-order galaxy s24 dehh #samsungunpackedâ€¯â€¯â€¯ #galaxys24â€¯â€¯â€¯ @samsungid;0.0;0.864;0.136;0.296
1.7477671210007022e+18;Wed Jan 17 23:45:28 +0000 2024;galaxy s24 bikin gue pengen punyaa gilaaa canggih banget bikin gue naksir pas nonton live samsung unpacked gas sihh ikutan pre-order #samsungunpacked #galaxys24 @samsungid;0.0;1.0;0.0;0.0
1.7477670912462892e+18;Wed Jan 17 23:45:21 +0000 2024;galaxy s24 sebagus itu!! naksir berat abis nonton live samsung unpacked #samsungunpacked #galaxys24 @samsungid;0.0;1.0;0.0;0.0
1.7477670452809649e+18;Wed Jan 17 23:45:10 +0000 2024;galaxy s24 canggih banget bikin gue naksir pas nonton live samsung unpacked ikutan pre-order yay or nay nihhh #samsungunpacked #galaxys24 @samsungid;0.0;0.848;0.152;0.5267
1.7477670196075894e+18;Wed Jan 17 23:45:04 +0000 2024;ga bohong aku naksir berat sama galaxy s24 akibat nonton live samsung unpacked #samsungunpackedâ€¯â€¯â€¯ #galaxys24â€¯â€¯â€¯ @samsungid73498;0.0;1.0;0.0;0.0
1.7477669846857853e+18;Wed Jan 17 23:44:55 +0000 2024;"gue lagi sibuk lihat-lihat galeri, kepikiran, hem, pengen juga deh bisa langsung ngedit foto di galaxy s24, praktis banget."" galaxy s24 canggih nonton live samsung unpacked ikutan pre-order #samsungunpacked #galaxys24 @samsungid""";0.0;1.0;0.0;0.0
1.7477669693262932e+18;Wed Jan 17 23:44:52 +0000 2024;galaxy s24 bener bakal jadi ho idaman tahun ini soalnya canggih banget bikin gue naksir pas nonton live samsung unpacked gas sihh ikutan pre-order #samsungunpacked #galaxys24 @samsungid;0.0;1.0;0.0;0.0
1.747766943380357e+18;Wed Jan 17 23:44:45 +0000 2024;kerenn nihh emng canggih benerr fitur galaxy s24, abis nonton live samsung unpacked nih guyss #samsungunpackedâ€¯â€¯â€¯ #galaxys24â€¯â€¯â€¯ @samsungid73498;0.0;1.0;0.0;0.0
1.7477669241285184e+18;Wed Jan 17 23:44:41 +0000 2024;"scroll foto sambil mikir, gak nyangka ya kalo s24 bisa langsung edit foto, nggak perlu repot buka aplikasi terpisah."" galaxy s24 canggih nonton live samsung unpacked ikutan pre-order #samsungunpacked #galaxys24 @samsungid""";0.0;1.0;0.0;0.0
1.747766832940135e+18;Wed Jan 17 23:44:19 +0000 2024;merinding sama galaxy s24 fiturnyaa canggih banget bikin gue naksir pas nonton live samsung unpacked gas sihh ikutan pre-order #samsungunpacked #galaxys24 @samsungid;0.0;1.0;0.0;0.0
1.7477667752223007e+18;Wed Jan 17 23:44:05 +0000 2024;gue abis nonton live samsung unpacked dan jadi pengen beli galaxy s24, soalnya beneran canggih benerr #samsungunpackedâ€¯â€¯â€¯ #galaxys24â€¯â€¯â€¯ @samsungid;0.0;1.0;0.0;0.0
1.7477667512015263e+18;Wed Jan 17 23:44:00 +0000 2024;galaxy s24 gila sihh canggih banget bikin gue naksir pas nonton live samsung unpacked gas sihh ikutan pre-order #samsungunpacked #galaxys24 @samsungid;0.0;1.0;0.0;0.0
1.7477667467219889e+18;Wed Jan 17 23:43:59 +0000 2024;sebagus ituu galaxy s24 parahh!!  nonton live samsung unpacked dehh #samsungunpacked #galaxys24 @samsungid;0.0;1.0;0.0;0.0
1.7477666470695447e+18;Wed Jan 17 23:43:35 +0000 2024;galaxy s24 canggih-nya ga kaleng2 nihh, abis nonton live samsung unpacked ini bikin gue jadi ikutan pre-order nih gegara naksir banget  #samsungunpackedâ€¯â€¯â€¯ #galaxys24â€¯â€¯â€¯ @samsungid;0.0;1.0;0.0;0.0
1.747766622704816e+18;Wed Jan 17 23:43:29 +0000 2024;galaxy s24 keren banget terus canggih banget bikin gue naksir pas nonton live samsung unpacked gass bangett ikutan pre-order #samsungunpacked #galaxys24 @samsungid;0.0;1.0;0.0;0.0
1.7477665683089208e+18;Wed Jan 17 23:43:16 +0000 2024;yakin nih galaxy s24 bakal banyak yang ngincer soalnya canggih banget bikin gue naksir pas nonton live samsung unpacked gass dehh ikutan pre-order #samsungunpacked #galaxys24 @samsungid;0.0;1.0;0.0;0.0
1.747766480123597e+18;Wed Jan 17 23:42:55 +0000 2024;galaxy s24 kerenn banget, beneran canggih dah, pengen beli jadinya setelah nonton live samsung unpacked  #samsungunpackedâ€¯â€¯â€¯ #galaxys24â€¯â€¯â€¯ @samsungid;0.0;1.0;0.0;0.0
1.7477663180557522e+18;Wed Jan 17 23:42:16 +0000 2024;gue abis onton live samsung unpacked galaxy s24 jdi punya hp canggih dehh, pasti kecee #samsungunpackedâ€¯â€¯â€¯ #galaxys24â€¯â€¯â€¯ @samsungid;0.0;1.0;0.0;0.0
1.7477661785951974e+18;Wed Jan 17 23:41:43 +0000 2024;kerenn dehh beneran canggih bener jujur si galaxy s24, kalian coba aja nonton live samsung unpacked #samsungunpackedâ€¯â€¯â€¯ #galaxys24â€¯â€¯â€¯ @samsungid;0.0;1.0;0.0;0.0
1.7477661030724818e+18;Wed Jan 17 23:41:25 +0000 2024;udah gak sabar pengen order dan pengen punya juga juga galaxy s24 pas sudah nonton live samsung unpacked ikutan pre-order #galaxys24 pastinya juga #samsungunpacked @samsungid;0.0;1.0;0.0;0.0
1.7477660151850396e+18;Wed Jan 17 23:41:04 +0000 2024;galaxy s24 canggih banget bikin gue naksir pas nonton live samsung unpacked gas ga pake rem ikutan pre-order #samsungunpacked #galaxys24 @samsungid;0.0;1.0;0.0;0.0
1.7477658616148383e+18;Wed Jan 17 23:40:27 +0000 2024;sip samsung s24 sudah keluar, saatnya upgrade ke s22 bora purpleğŸ™ğŸ¼âœ¨;0.0;1.0;0.0;0.0
1.7477658142108265e+18;Wed Jan 17 23:40:16 +0000 2024;gue abis nonton live samsung unpacked @samsungid gue jadi naksir banget sih sama galaxy s24 dan pengen banget join pre-order #samsungunpackedâ€¯â€¯â€¯   #galaxys24;0.0;0.885;0.115;0.296
1.7477657911966845e+18;Wed Jan 17 23:40:11 +0000 2024;pantes galaxy s24 ini viral ternyata canggih banget bikin gue naksir pas nonton live samsung unpacked gas sihh ikutan pre-order #samsungunpacked #galaxys24 @samsungid;0.0;1.0;0.0;0.0
1.7477657724145546e+18;Wed Jan 17 23:40:06 +0000 2024;launching resmi samsung galaxy s24, plus dan ultra, yang ditenagai ai https://t.co/swesrnjsvo;0.0;1.0;0.0;0.0
1.7477657175740255e+18;Wed Jan 17 23:39:53 +0000 2024;mantap sihh galaxy s24 canggih banget bikin gue naksir pas nonton live samsung unpacked gas kalian ikutan pre-order #samsungunpacked #galaxys24 @samsungid;0.0;1.0;0.0;0.0
1.7477656508467858e+18;Wed Jan 17 23:39:37 +0000 2024;galaxy s24 canggih banget bikin gue naksir pas nonton live samsung unpacked, ikutan pre-order kali yaaaa #samsungunpacked #galaxys24 @samsungid;0.0;1.0;0.0;0.0
1.747765606261367e+18;Wed Jan 17 23:39:27 +0000 2024;klo samsung ga usah diraguin lagi nihh, tapi ini galaxy s24 canggih banget nonton live samsung unpacked tadi  #samsungunpackedâ€¯â€¯â€¯ #galaxys24â€¯â€¯â€¯ @samsungid;0.0;1.0;0.0;0.0
1.7477655601282378e+18;Wed Jan 17 23:39:16 +0000 2024;keren sih galaxy s24 canggih banget bikin gue naksir pas nonton live samsung unpacked gas sihh ikutan pre-order #samsungunpacked #galaxys24 @samsungid;0.0;1.0;0.0;0.0
1.7477655197790292e+18;Wed Jan 17 23:39:06 +0000 2024;samsung galaxy s23 ultra s24 ultra https://t.co/wlksbnigmt;0.0;1.0;0.0;0.0
1.7477655035889833e+18;Wed Jan 17 23:39:02 +0000 2024;sumpahh makin gokil aja galaxy s24 canggih banget bikin gue naksir pas nonton live samsung unpacked gas sihh ikutan pre-order #samsungunpacked #galaxys24 @samsungid;0.0;1.0;0.0;0.0
1.747765478012187e+18;Wed Jan 17 23:38:56 +0000 2024;ini aku jadi tertarik banget sama galaxy s24. karena sehabis nonton live samsung unpacked, jadi mau ikutan pre-order #samsungunpackedâ€¯â€¯â€¯ #galaxys24â€¯â€¯â€¯ @samsungid;0.0;1.0;0.0;0.0
1.7477654120106191e+18;Wed Jan 17 23:38:40 +0000 2024;keren woii galaxy s24 canggih banget bikin gue naksir pas nonton live samsung unpacked gas sihh ikutan pre-order #samsungunpacked #galaxys24 @samsungid;0.0;1.0;0.0;0.0
1.7477653430771878e+18;Wed Jan 17 23:38:24 +0000 2024;galaxy s24 canggih banget bikin gue naksir pas nonton live samsung unpacked ga perlu mikir lagi mah ikutan pre-order #samsungunpacked #galaxys24 @samsungid;0.0;1.0;0.0;0.0
1.7477652113676987e+18;Wed Jan 17 23:37:52 +0000 2024;galaxy s24 canggih banget bikin gue naksir pas nonton live samsung unpacked gas sihh ikutan pre-order #samsungunpacked #galaxys24 @samsungid;0.0;1.0;0.0;0.0
1.7477650559434752e+18;Wed Jan 17 23:37:15 +0000 2024;makin kesini makin canggih aja samsung, galaxy s24 canggih banget nonton live samsung unpacked tadi jadi pengen ikutan pre-order nihh #samsungunpackedâ€¯â€¯â€¯ #galaxys24â€¯â€¯â€¯ @samsungid;0.0;1.0;0.0;0.0
1.7477649480618314e+18;Wed Jan 17 23:36:50 +0000 2024;aku baru tau galaxy s24 punya fitur circle to search with google, bisa langsung cari barang keren. keren abis! aku gak sabar pengen ikutan pre-order setelah nonton live samsung unpacked. #samsungunpackedâ€¯â€¯â€¯ #galaxys24â€¯â€¯â€¯ @samsungid;0.0;1.0;0.0;0.0
1.747764900813034e+18;Wed Jan 17 23:36:38 +0000 2024;tahun ini udah ga nemu bangtan bangtan nya di samsung unpacked, tp malah nemu txt wkwk mana ngiklan nya pas bgt emma myers pergi ke konser txt, kek on point bgt dah iklan nya wkwk s24 ultra tercipta untuk ngonser wkwkw;0.0;1.0;0.0;0.0
1.7477648404402383e+18;Wed Jan 17 23:36:24 +0000 2024;samsung gokil sihhh, galaxy s24 canggih banget  nonton live samsung unpacked tadi jadi pengen ikutan pre-order #samsungunpacked #galaxys24 @samsungid;0.0;1.0;0.0;0.0
1.7477648115833695e+18;Wed Jan 17 23:36:17 +0000 2024;ihh galaxy s24 bisa edit foto langsung dari galeri? woahh keren banget dehh! nonton live samsung unpacked jadi bikin mupeng, pengen banget join pre-order! #samsungunpackedâ€¯â€¯â€¯ #galaxys24â€¯â€¯â€¯ @samsungid;0.0;0.909;0.091;0.296
1.747764784509117e+18;Wed Jan 17 23:36:11 +0000 2024;galaxy s24 canggih banget dehhh apalagi fiturnya yang emang oaling diperluin banget nonton live samsung unpacked tadi jadi pengen ikutan pre-order #samsungunpacked #galaxys24 @samsungid;0.0;1.0;0.0;0.0
1.747764690145649e+18;Wed Jan 17 23:35:48 +0000 2024;galaxy s24 beneran canggih banget plss, bikin ngiler dehh, abis nonton live samsung unpacked tadi jadi pengen ikutan pre-order #samsungunpackedâ€¯â€¯â€¯ #galaxys24â€¯â€¯â€¯ @samsungid;0.0;1.0;0.0;0.0
1.7477646522040486e+18;Wed Jan 17 23:35:39 +0000 2024;suka banget sama galaxy s24 canggih banget tuh hp nonton live samsung unpacked tadi jadi pengen ikutan pre-order #samsungunpacked #galaxys24 @samsungid;0.0;1.0;0.0;0.0
1.7477645630959905e+18;Wed Jan 17 23:35:18 +0000 2024;galaxy s24 canggih banget sumpahh kalian harus liat fiturnyaaa nonton live samsung unpacked tadi jadi pengen ikutan pre-order #samsungunpacked #galaxys24 @samsungid;0.0;1.0;0.0;0.0
1.747764471295255e+18;Wed Jan 17 23:34:56 +0000 2024;keren sih tahun ini gue harus punya galaxy s24 canggih banget  nonton live samsung unpacked tadi jadi pengen ikutan pre-order #samsungunpacked #galaxys24 @samsungid;0.0;1.0;0.0;0.0
1.7477643831813284e+18;Wed Jan 17 23:34:35 +0000 2024;@lorettakrypto samsung galaxy s24;0.0;1.0;0.0;0.0
1.7477643818853706e+18;Wed Jan 17 23:34:35 +0000 2024;ga heran kalau nih ho booming soalnyaaa galaxy s24 canggih banget  nonton live samsung unpacked tadi jadi pengen ikutan pre-order #samsungunpacked #galaxys24 @samsungid;0.0;1.0;0.0;0.0
1.7477642015596221e+18;Wed Jan 17 23:33:52 +0000 2024;kalian harus tau kalau galaxy s24 canggih banget dengan fitur yang kekinian  nonton live samsung unpacked tadi jadi pengen ikutan pre-order #samsungunpacked #galaxys24 @samsungid;0.0;1.0;0.0;0.0
1.747764173805941e+18;Wed Jan 17 23:33:45 +0000 2024;samsung s24 udah release. tapi satu alasan gak beli samsung s24 adalah nanti bisa muncul garis2 di layar setelah update os.  banyak hp samsung yang kena ğŸ˜  https://t.co/bwvjnytzzv;0.0;1.0;0.0;0.0
1.747764052133319e+18;Wed Jan 17 23:33:16 +0000 2024;mantap dehh samsung galaxy s24 canggih banget  nonton live samsung unpacked tadi jadi pengen ikutan pre-order #samsungunpacked #galaxys24 @samsungid;0.0;1.0;0.0;0.0
1.7477639996499845e+18;Wed Jan 17 23:33:04 +0000 2024;samsung tuh emang pada keren yaaa, galaxy s24 canggih banget  nonton live samsung unpacked tadi jadi pengen ikutan pre-order #samsungunpacked #galaxys24 @samsungid;0.0;1.0;0.0;0.0
1.747763937117176e+18;Wed Jan 17 23:32:49 +0000 2024;lain macam smartphone competion skrg ni. samsung s24 series pun dah makin padu;0.0;1.0;0.0;0.0
1.7477638389746447e+18;Wed Jan 17 23:32:25 +0000 2024;ini gue suka banget sama fitur galaxy s24 canggih banget sumpahh  nonton live samsung unpacked tadi jadi pengen ikutan pre-order #samsungunpacked #galaxys24 @samsungid;0.0;1.0;0.0;0.0
1.7477637758585083e+18;Wed Jan 17 23:32:10 +0000 2024;@lorettakrypto samsung s24;0.0;1.0;0.0;0.0
1.747763735849288e+18;Wed Jan 17 23:32:01 +0000 2024;galaxy s24 canggih banget sampe guee ga bisa berkata kataaa nonton live samsung unpacked tadi jadi pengen ikutan pre-order #samsungunpacked #galaxys24 @samsungid;0.0;1.0;0.0;0.0
1.747763686352323e+18;Wed Jan 17 23:31:49 +0000 2024;waw ga nyangka galaxy s24 secanggih itu,aku jadi naksir berattt, karena nonton live samsung unpacked, pengen bett ikutan pre-order #samsungunpacked #galaxys24 @samsungid;0.0;1.0;0.0;0.0
1.7477636350433157e+18;Wed Jan 17 23:31:37 +0000 2024;galaxy s24 canggih banget sihh futur terbaru nyaa beneran bagus bagus nonton live samsung unpacked tadi jadi pengen ikutan pre-order #samsungunpacked #galaxys24 @samsungid;0.0;1.0;0.0;0.0
1.747763528269009e+18;Wed Jan 17 23:31:11 +0000 2024;mantapp nihh  galaxy s24 aku jdi pengen beli  karena nonton live samsung unpacked dan pngen ikutan pre-order #samsungunpacked #galaxys24 @samsungid;0.0;1.0;0.0;0.0
1.7477635216713692e+18;Wed Jan 17 23:31:10 +0000 2024;kalian harus tau kalau galaxy s24 canggih banget  nonton live samsung unpacked tadi jadi pengen ikutan pre-order #samsungunpacked #galaxys24 @samsungid;0.0;1.0;0.0;0.0
1.7477634661093258e+18;Wed Jan 17 23:30:56 +0000 2024;makin gokil ajaa samsung apalagi galaxy s24 canggih banget  nonton live samsung unpacked tadi jadi pengen ikutan pre-order #samsungunpacked #galaxys24 @samsungid;0.0;1.0;0.0;0.0
1.7477634645994337e+18;Wed Jan 17 23:30:56 +0000 2024;melawan kejenuhan di kantor dengan membuka galeri, dan galaxy s24 memberikan keseruan dengan fitur edit foto langsung galaxy s24 canggih nonton live samsung unpacked ikutan pre-order #samsungunpacked #galaxys24 @samsungid;0.0;1.0;0.0;0.0
1.7477634331044337e+18;Wed Jan 17 23:30:48 +0000 2024;kece amatt nihh galaxy s24 jadi pengen beli aku, karena nonton live samsung unpacked smg bisa ikutan pre-order #samsungunpacked #galaxys24 @samsungid;0.0;1.0;0.0;0.0
1.7477634127703654e+18;Wed Jan 17 23:30:44 +0000 2024;di tengah kebosanan kantor, buka galeri untuk refreshing, dan temukan fitur edit foto langsung yang menarik di galaxy s24 galaxy s24 canggih nonton live samsung unpacked ikutan pre-order #samsungunpacked #galaxys24 @samsungid;0.0;1.0;0.0;0.0
1.7477633210871565e+18;Wed Jan 17 23:30:22 +0000 2024;samsung ga perlu diraguin sih tapi ini galaxy s24 canggih banget  nonton live samsung unpacked tadi jadi pengen ikutan pre-order #samsungunpacked #galaxys24 @samsungid;0.0;1.0;0.0;0.0
1.747763264296223e+18;Wed Jan 17 23:30:08 +0000 2024;udah lama gue nyariin hp yang canggih yang bisa nyari barang yang dipake idol korea ternyata karena galaxy s24 canggih jadinya  cuma circle doang ternyata bisa nonton live samsung unpacked ikutan pre-order #samsungunpacked #galaxys24 @samsungid;0.0;1.0;0.0;0.0
1.7477632483747067e+18;Wed Jan 17 23:30:04 +0000 2024;tapii emngg naksir poll sihh aku sama galaxy s24 karena sehabis nonton live samsung unpacked ğŸ˜­ plis mau ikutan pre-order #samsungunpacked #galaxys24 @samsungid;0.0;1.0;0.0;0.0
1.7477632217198267e+18;Wed Jan 17 23:29:58 +0000 2024;makin kesini makin gila aja samsung, galaxy s24 canggih banget  nonton live samsung unpacked tadi jadi pengen ikutan pre-order #samsungunpacked #galaxys24 @samsungid;0.0;1.0;0.0;0.0
1.747763139792503e+18;Wed Jan 17 23:29:39 +0000 2024;galaxy s24 canggih banget sihhh  nonton live samsung unpacked tadi jadi pengen ikutan pre-order #samsungunpacked #galaxys24 @samsungid;0.0;1.0;0.0;0.0
1.7477631195424276e+18;Wed Jan 17 23:29:34 +0000 2024;resmi diluncurkan, ini spesifikasi lengkap samsung galaxy s24 dan harganya https://t.co/t9sd1ghbqg #beritasatu #news #berita;0.0;1.0;0.0;0.0
1.7477631156332795e+18;Wed Jan 17 23:29:33 +0000 2024;woww canggih gitu yaa banyak ai nya di galaxy s24 nonton live samsung unpacked #samsungunpacked #galaxys24 ikutan pre-order @samsungid;0.0;1.0;0.0;0.0
1.7477630852120906e+18;Wed Jan 17 23:29:26 +0000 2024;naksir bettt woiilaaaa, pengen galaxy s24 kerena abis nonton live samsung unpacked, aku pengen ikutan pre-order #samsungunpacked #galaxys24 @samsungid;0.0;1.0;0.0;0.0
1.7477630415368074e+18;Wed Jan 17 23:29:15 +0000 2024;galaxy s24 canggih banget apalagi fiturnyaa edan bangett nonton live samsung unpacked tadi jadi pengen ikutan pre-order #samsungunpacked #galaxys24 @samsungid;0.0;1.0;0.0;0.0
1.74776290677803e+18;Wed Jan 17 23:28:43 +0000 2024;pengen beli galaxy s24  karena sehabis nonton live samsung unpacked dan  pengen ikutan pre-order #samsungunpacked #galaxys24 @samsungid;0.0;1.0;0.0;0.0
1.747762880886588e+18;Wed Jan 17 23:28:37 +0000 2024;tes kamera samsung s24 ultra   https://t.co/umtpdyrvhc https://t.co/ojs134ooo8;0.0;1.0;0.0;0.0
1.7477628554606305e+18;Wed Jan 17 23:28:31 +0000 2024;gila sihh fitur galaxy s24 canggih banget  nonton live samsung unpacked tadi jadi pengen ikutan pre-order #samsungunpacked #galaxys24 @samsungid;0.0;1.0;0.0;0.0
1.7477627880372552e+18;Wed Jan 17 23:28:15 +0000 2024;galaxy s24 canggih banget bikin ngiler sumpahhh nonton live samsung unpacked tadi jadi pengen ikutan pre-order #samsungunpacked #galaxys24 @samsungid;0.0;1.0;0.0;0.0
1.7477627083160701e+18;Wed Jan 17 23:27:56 +0000 2024;waww jadi pengen beli galaxy s24 sehabis nonton live samsung unpacked, jdi pngen ikutan pre-order #samsungunpacked #galaxys24 @samsungid;0.0;1.0;0.0;0.0
1.747762707586294e+18;Wed Jan 17 23:27:56 +0000 2024;aduhh gue mau galaxy s24 canggih banget  nonton live samsung unpacked tadi jadi pengen ikutan pre-order #samsungunpacked #galaxys24 @samsungid;0.0;1.0;0.0;0.0
1.7477626729119744e+18;Wed Jan 17 23:27:47 +0000 2024;juara nih hp super kece dan canggih gituu galaxy s24 nonton live samsung unpacked #samsungunpacked #galaxys24 ikutan pre-order @samsungid;0.0;0.804;0.196;0.5994
1.7477626305201152e+18;Wed Jan 17 23:27:37 +0000 2024;tau ga galaxy s24 canggih banget  nonton live samsung unpacked tadi jadi pengen ikutan pre-order #samsungunpacked #galaxys24 @samsungid;0.0;1.0;0.0;0.0
1.747762610144162e+18;Wed Jan 17 23:27:32 +0000 2024;amazing banget menurutku galaxy s24 canggih bener. aku yang abis nonton live samsung unpacked jadinya dibuat pengen ikutan pre-order karena hpnya ini new era of mobile banget #samsungunpacked #galaxys24 @samsungid;0.0;0.853;0.147;0.5859
1.7477625488360696e+18;Wed Jan 17 23:27:18 +0000 2024;luar biasa jadi pengen beli galaxy s24 karena tdi  nonton live samsung unpacked dan pengen ikutan pre-order #samsungunpacked #galaxys24 @samsungid;0.0;1.0;0.0;0.0
1.747762533128401e+18;Wed Jan 17 23:27:14 +0000 2024;galeri galaxy s24 jadi sumber kegembiraan di kantor saat membosankan, terutama dengan fitur edit foto langsung yang kreatif galaxy s24 canggih nonton live samsung unpacked ikutan pre-order #samsungunpacked #galaxys24 @samsungid;0.0;1.0;0.0;0.0
1.7477624496910707e+18;Wed Jan 17 23:26:54 +0000 2024;pantes banget ini banyak yang bahasa ternyataa galaxy s24 canggih banget gilaaaa  nonton live samsung unpacked tadi jadi pengen ikutan pre-order #samsungunpacked #galaxys24 @samsungid;0.0;1.0;0.0;0.0
1.7477624131670513e+18;Wed Jan 17 23:26:45 +0000 2024;iphone 15 pro max or samsung galaxy s24? ğŸ¥²ğŸ¥²ğŸ¥²;0.0;1.0;0.0;0.0
1.7477623972788598e+18;Wed Jan 17 23:26:42 +0000 2024;el samsung galaxy s24 ultra ğŸ˜ğŸ˜ğŸ˜³ğŸ˜³;0.0;1.0;0.0;0.0
1.7477623630284396e+18;Wed Jan 17 23:26:33 +0000 2024;tadi galaxy s24 canggih banget, gue nonton live samsung unpacked tadi jadi pengen ikutan pre-order #samsungunpacked #galaxys24 @samsungid;0.0;1.0;0.0;0.0
1.747762362835473e+18;Wed Jan 17 23:26:33 +0000 2024;naksir berat coiii sama galaxy s24, tdi nonton live samsung unpacked jadi pengen beli. dan ikutan pre-order #samsungunpacked #galaxys24 @samsungid;0.0;1.0;0.0;0.0
1.747762331755713e+18;Wed Jan 17 23:26:26 +0000 2024;bosan di kantor, buka galeri untuk refreshing, dan temukan fitur edit foto langsung yang menghibur di galaxy s24. galaxy s24 canggih nonton live samsung unpacked ikutan pre-order #samsungunpacked #galaxys24 @samsungid;0.0;1.0;0.0;0.0
1.7477622934700567e+18;Wed Jan 17 23:26:17 +0000 2024;woww josss, ini idaman gua bggt hp super canggih nih galaxy s24 nonton live samsung unpacked #samsungunpacked #galaxys24 ikutan pre-order @samsungid;0.0;0.822;0.178;0.5994
1.7477622465693699e+18;Wed Jan 17 23:26:06 +0000 2024;"kalo ngeliat event s24 ini, rasanya kompetitor yang paling ngebantu sama keserang itu  google  s24 ini jualan software kayak google kayak ai tpi sekilas lebih variatif, 7 tahun os update yang jualan utamanya gugel. disisi lain, samsung bilang ada make gemini llm buat fitur ainya""";0.0;1.0;0.0;0.0
1.747762189052908e+18;Wed Jan 17 23:25:52 +0000 2024;cek samsung s24 ultra   https://t.co/kzcrcxypcc https://t.co/cy46jgii4r;0.0;1.0;0.0;0.0
1.747762187731698e+18;Wed Jan 17 23:25:52 +0000 2024;kala rasa bosan melanda, menggali kekreatifan dengan fitur edit foto langsung di galeri galaxy s24 galaxy s24 canggih nonton live samsung unpacked ikutan pre-order #samsungunpacked #galaxys24 @samsungid;0.0;1.0;0.0;0.0
1.7477621469672248e+18;Wed Jan 17 23:25:42 +0000 2024;naksir bngett sihh aku sama galaxy s24 , karena habis nonton live samsung unpacked dan pengen ikutan pre-order #samsungunpacked #galaxys24 @samsungid;0.0;1.0;0.0;0.0
1.7477621386289772e+18;Wed Jan 17 23:25:40 +0000 2024;galeri galaxy s24 menjadi tempat eksplorasi saat kantor membosankan, terutama dengan fitur edit foto langsung yang seru galaxy s24 canggih nonton live samsung unpacked ikutan pre-order #samsungunpacked #galaxys24;0.0;1.0;0.0;0.0
1.7477621086522207e+18;Wed Jan 17 23:25:33 +0000 2024;galaxy s24 canggih banget, bikin ngiler pas  nonton live samsung unpacked tadi jadi pengen ikutan pre-order #samsungunpacked #galaxys24 @samsungid;0.0;1.0;0.0;0.0
1.747762031758066e+18;Wed Jan 17 23:25:14 +0000 2024;mantapp emang nih yakan guyss galaxy s24 nonton live samsung unpacked #samsungunpacked #galaxys24 ikutan pre-order buruan yokk mayan nih  @samsungid;0.0;1.0;0.0;0.0
1.7477620148340244e+18;Wed Jan 17 23:25:10 +0000 2024;tpi emng canggih bngettt ya  galaxy s24, tdi aku nonton live samsung unpacked dan pengen beli dan ikutan pre-order #samsungunpacked #galaxys24 @samsungid;0.0;1.0;0.0;0.0
1.7477619658320243e+18;Wed Jan 17 23:24:59 +0000 2024;galaxy s24 di sekarang ini canggih banget.  pas nonton live samsung unpacked auto terkesima sama fiturnya, jadi ingin ikutan pre-order #samsungunpacked #galaxys24 @samsungid;0.0;1.0;0.0;0.0
1.7477619602452196e+18;Wed Jan 17 23:24:57 +0000 2024;makin keren aja samsung apalagi galaxy s24 canggih banget gilaaaa  nonton live samsung unpacked tadi jadi pengen ikutan pre-order #samsungunpacked #galaxys24 @samsungid;0.0;1.0;0.0;0.0
1.7477619318958781e+18;Wed Jan 17 23:24:51 +0000 2024;siapa yang gapengen galaxy s24 nihh, bagus bggt deh soalnya idaman bgtt serba ai  nonton live samsung unpacked #samsungunpacked #galaxys24 ikutan pre-order @samsungid;0.0;1.0;0.0;0.0
1.7477618690526623e+18;Wed Jan 17 23:24:36 +0000 2024;se canggih itu ternyata galaxy s24,aku habis nonton live samsung unpacked, pokok harus ikutan pre-order #samsungunpacked #galaxys24 @samsungid;0.0;1.0;0.0;0.0
1.7477618649967414e+18;Wed Jan 17 23:24:35 +0000 2024;galaxy s24 canggih banget suka sama fitur terbarunyaaa nonton live samsung unpacked tadi jadi pengen ikutan pre-order #samsungunpacked #galaxys24 @samsungid;0.0;1.0;0.0;0.0
1.7477618443523361e+18;Wed Jan 17 23:24:30 +0000 2024;wajib bgt punya sih ini guys, kece bett loh galaxy s24 fitur ya emang sekece itu karna serba ai  nonton live samsung unpacked #samsungunpacked #galaxys24 ikutan pre-order @samsungid;0.0;1.0;0.0;0.0
1.7477617802379348e+18;Wed Jan 17 23:24:14 +0000 2024;samsung merilis smartphone flagship terbarunya samsung galaxy s24. selain peningkatan performa, hp ini dilengkapi beberapa fitur ai yang jadi keunggulan. https://t.co/e9yktnbywi;0.0;0.909;0.091;0.1027
1.7477617640356086e+18;Wed Jan 17 23:24:11 +0000 2024;alaxy s24 ini bisa bikin kamu jadi bisa berkomunikasi dengan siapa aja tanpa hambatan bahasa. aku tadi nonton live samsung unpacked dan bener2 tertarik ingin punya juga, ikutan pre-order cuss #samsungunpacked #galaxys24 @samsungid;0.0;1.0;0.0;0.0
1.7477617541706593e+18;Wed Jan 17 23:24:08 +0000 2024;galaxy s24 canggih sekali ternyata karena yang udah nonton live samsung unpacked pasti pada tau makanya aku ikutan pre-order karena dibuat penasaran sama kecanggihannya  #samsungunpacked #galaxys24 @samsungid;0.0;1.0;0.0;0.0
1.747761753965183e+18;Wed Jan 17 23:24:08 +0000 2024;eh, galaxy s24 punya fitur ai edit foto dari galeri, mantap bet! kalo bisa ada fitur sharing foto ke twitter fleets langsung dari ai, pasti makin seru. nonton live samsung unpacked, langsung kepincut, ikutan pre-order yuk! #samsungunpacked #galaxys24 @samsungid;0.0;0.912;0.088;0.4215
1.7477617482985843e+18;Wed Jan 17 23:24:07 +0000 2024;kalian harus tau kalau galaxy s24 canggih banget sumpahh  nonton live samsung unpacked tadi jadi pengen ikutan pre-order #samsungunpacked #galaxys24 @samsungid;0.0;1.0;0.0;0.0
1.747761695811134e+18;Wed Jan 17 23:23:54 +0000 2024;baru tau galaxy s24 punya fitur ai yang bener-bener canggih abis nonton live samsung unpacked. keren banget, langsung kepincut, siap ikutan pre-order! #samsungunpacked #galaxys24 @samsungid;0.0;1.0;0.0;0.0
1.747761682527777e+18;Wed Jan 17 23:23:51 +0000 2024;wahhh canggihh bngettt  galaxy s24,aku udah  nonton live samsung unpacked, pliss pengen ikutan pre-order #samsungunpacked #galaxys24 @samsungid;0.0;1.0;0.0;0.0
1.7477616687745682e+18;Wed Jan 17 23:23:48 +0000 2024;galaxy s24 canggih banget fitur fiturnyaa pada kekinian nonton live samsung unpacked tadi jadi pengen ikutan pre-order #samsungunpacked #galaxys24 @samsungid;0.0;1.0;0.0;0.0
1.7477616338654333e+18;Wed Jan 17 23:23:40 +0000 2024;baru tau galaxy s24 bisa live translate, bagus banget buat liburan ke luar negeri. udah nonton live samsung unpacked, langsung kepincut, mau ikutan pre-order! #samsungunpacked #galaxys24 @samsungid;0.0;1.0;0.0;0.0
1.7477615762860362e+18;Wed Jan 17 23:23:26 +0000 2024;asli deh pengen nyobain editing photo pakai galaxy ai di device galaxy s24 ini. pengen beli sejak nonton live samsung unpacked  nya,,  cus ah ikutan pre-order #samsungunpacked #galaxys24 @samsungid;0.0;1.0;0.0;0.0
1.7477615550586143e+18;Wed Jan 17 23:23:21 +0000 2024;galaxy s24 emang paling oke! fitur circle to search barang ala artis drakor bikin pengen punya sendiri abis nonton live samsung unpacked. langsung siap ikutan pre-order! #samsungunpacked #galaxys24 @samsungid;0.0;1.0;0.0;0.0
1.747761551040463e+18;Wed Jan 17 23:23:20 +0000 2024;sebagus itu woiii  bneran mantap deh cui pokok ya harus beli galaxy s24 nonton live samsung unpacked #samsungunpacked #galaxys24 ikutan pre-order @samsungid;0.0;1.0;0.0;0.0
1.7477615507469276e+18;Wed Jan 17 23:23:20 +0000 2024;canggih lohh galaxy s24 ternyata soalnya aku habis nonton live samsung unpacked,pengen  ikutan pre-order #samsungunpacked #galaxys24 @samsungid;0.0;1.0;0.0;0.0
1.7477615431929897e+18;Wed Jan 17 23:23:18 +0000 2024;galaxy s24 canggih banget gilaaaa  nonton live samsung unpacked tadi jadi pengen ikutan pre-order #samsungunpacked #galaxys24 @samsungid;0.0;1.0;0.0;0.0
1.7477614995260541e+18;Wed Jan 17 23:23:07 +0000 2024;canggih banget, galaxy s24 bisa edit foto dari galeri sendiri pake ai! gak perlu repot pindah aplikasi lagi. udah nonton live samsung unpacked, langsung kepincut, siap ikutan pre-order! #samsungunpacked #galaxys24 @samsungid;0.0;1.0;0.0;0.0
1.7477614493537818e+18;Wed Jan 17 23:22:56 +0000 2024;pengen bgt sumpah udh lama ngincer galaxy s24 nonton live samsung unpacked #samsungunpacked #galaxys24 ikutan pre-order @samsungid;0.0;1.0;0.0;0.0
1.747761420299895e+18;Wed Jan 17 23:22:49 +0000 2024;abis nonton live samsung unpacked, terinspirasi nih! galaxy s24 seharusnya punya fitur ai yang bisa bantu kita cari temen jalan saat liburan. seru kan? udah siap ikutan pre-order! #samsungunpacked #galaxys24 @samsungid;0.0;1.0;0.0;0.0
1.7477614055107177e+18;Wed Jan 17 23:22:45 +0000 2024;canggih juga nih galaxy s24 aku habis nonton live samsung unpacked naksir poll jadi pengen ikutan pre-order #samsungunpacked #galaxys24 @samsungid;0.0;1.0;0.0;0.0
1.7477614034891328e+18;Wed Jan 17 23:22:45 +0000 2024;di saat bosan di kantor, menjelajahi galeri galaxy s24 untuk menikmati fitur edit foto langsung yang menarik galaxy s24 nonton live samsung unpacked ikutan pre-order #samsungunpacked #galaxys24 @samsungid;0.0;1.0;0.0;0.0
1.7477613831635151e+18;Wed Jan 17 23:22:40 +0000 2024;wahh sekeren itu woi serba ai nih cui galaxy s24 nonton live samsung unpacked #samsungunpacked #galaxys24 ikutan pre-order @samsungid;0.0;1.0;0.0;0.0
1.7477613519117478e+18;Wed Jan 17 23:22:32 +0000 2024;galeri galaxy s24 menjadi tempat escape dari kebosanan kantor dengan fitur edit foto langsung yang seru galaxy s24 nonton live samsung unpacked ikutan pre-order #samsungunpacked #galaxys24 @samsungid;0.0;0.918;0.082;0.1779
1.747761319271617e+18;Wed Jan 17 23:22:25 +0000 2024;galaxy s24 emang asli  gokil dengan live translate nya , pokoknya nonton live samsung unpacked bikin aku jadi pengen ikutan pre-order jugak #samsungunpacked #galaxys24 @samsungid;0.0;1.0;0.0;0.0
1.7477613157022518e+18;Wed Jan 17 23:22:24 +0000 2024;galaxy s24 emang next level banget, bisa bayangin gak sih kita nonton live samsung unpacked tadi? fitur ai-nya buat edit foto langsung dari galeri itu keren banget, nggak perlu pindah-pindah aplikasi lagi deh langsung kepincut, mau ikutan ah #samsungunpacked #galaxys24 @samsungid;0.0;1.0;0.0;0.0
1.7477613080350927e+18;Wed Jan 17 23:22:22 +0000 2024;saat rasa bosan datang, buka galeri dan eksplor fitur edit foto langsung yang dimiliki oleh galaxy s24 galaxy s24 nonton live samsung unpacked ikutan pre-order #samsungunpacked #galaxys24 @samsungid;0.0;1.0;0.0;0.0
1.7477612505689664e+18;Wed Jan 17 23:22:08 +0000 2024;mengatasi kebosanan di kantor dengan membuka galeri, dan galaxy s24 menyuguhkan kejutan dengan fitur edit foto terbaru galaxy s24 nonton live samsung unpacked ikutan pre-order #samsungunpacked #galaxys24 @samsungid;0.0;1.0;0.0;0.0
1.7477612032362744e+18;Wed Jan 17 23:21:57 +0000 2024;galeri galaxy s24 jadi pelarian saat kantor membosankan, terutama dengan fitur edit foto langsung yang kreatif galaxy s24 nonton live samsung unpacked ikutan pre-order #samsungunpacked #galaxys24 @samsungid;0.0;1.0;0.0;0.0
1.74776116293732e+18;Wed Jan 17 23:21:47 +0000 2024;pas tau  galaxy s24 ada fitur live translate , seneng bgt krn memudahkan  banget kalo keluar negri ,, nonton live samsung unpacked bikin pengen  ikutan pre-order #samsungunpacked #galaxys24 @samsungid;0.0;1.0;0.0;0.0
1.7477611581222502e+18;Wed Jan 17 23:21:46 +0000 2024;abis nonton live samsung unpacked, galaxy s24 keren banget nih! bisa bayangin gak, kalo ada fitur galaxy ai yang bisa bantu cariin spot foto kece buat feed instagram kita? makin semangat ikutan pre-order deh! #samsungunpacked #galaxys24 @samsungid;0.0;1.0;0.0;0.0
1.7477611215102815e+18;Wed Jan 17 23:21:37 +0000 2024;canggih buangettt lohhh  galaxy s24 jadi naksir bener aku, abis nonton live samsung unpacked, pokok harus ikutan pre-order #samsungunpacked #galaxys24 @samsungid;0.0;1.0;0.0;0.0
1.7477610936432479e+18;Wed Jan 17 23:21:31 +0000 2024;circle to search with google di galaxy s24 tuh bikin gue yang suka nyari barang lucu makin gampang! abis nonton live samsung unpacked, langsung kepincut, ikutan pre-order deh. gak mau ketinggalan! #samsungunpacked #galaxys24 @samsungid;0.0;1.0;0.0;0.0
1.7477610391298954e+18;Wed Jan 17 23:21:18 +0000 2024;buka galeri saat kebosanan di kantor, dan temukan fitur edit foto langsung yang menarik di galaxy s24 galaxy s24 nonton live samsung unpacked ikutan pre-order #samsungunpacked #galaxys24 @samsungid;0.0;1.0;0.0;0.0
1.7477609858958175e+18;Wed Jan 17 23:21:05 +0000 2024;pas lagi nonton live samsung unpacked, gue baru tau kalau galaxy s24 punya fitur live translate yang canggih abis. langsung kepincut deh, pengen banget ikutan pre-order biar gak ketinggalan teknologi terbaru ini! #samsungunpacked #galaxys24 @samsungid;0.0;1.0;0.0;0.0
1.747760974474687e+18;Wed Jan 17 23:21:02 +0000 2024;mantappp nihh  galaxy s24 aku jdi pengen beli karena habis nonton live samsung unpacked jdi mau ikutan pre-order #samsungunpacked #galaxys24 @samsungid;0.0;1.0;0.0;0.0
1.747760964798452e+18;Wed Jan 17 23:21:00 +0000 2024;galaxy s24 itu emang new era of mobile banget. sambil aku nonton live samsung unpacked sambil aku ikutan pre-order juga #samsungunpacked #galaxys24 @samsungid;0.0;1.0;0.0;0.0
1.747760926290514e+18;Wed Jan 17 23:20:51 +0000 2024;galaxy s24 bener-bener nge-hype ya dengan fitur sharing di galaxy ai. jadi bisa makin seru dan nggak susah bagi-bagi momen. abis nonton live samsung unpacked, makin ngebet ikutan pre-order! #samsungunpacked #galaxys24 @samsungid;0.0;0.891;0.109;0.4215
1.7477609255061466e+18;Wed Jan 17 23:20:51 +0000 2024;galaxy s24 fiturnya canggih poll, pas dijelasin pas  nonton live samsung unpacked aku jd makin yakin  buat ikutan pre-order juga #samsungunpacked #galaxys24 @samsungid;0.0;1.0;0.0;0.0
1.747760922029126e+18;Wed Jan 17 23:20:50 +0000 2024;"galaxy s24 canggih kan? kalo udah nonton live samsung unpacked pasti langsung wahh keren banget"" gw gitu soalnya. ada circle to search with google jadi kita cmn lingkarin apa aja yg ada di diri sendiri ikutan pre-order #samsungunpackedâ€¯â€¯â€¯ #galaxys24â€¯â€¯â€¯ @samsungid""";0.0;1.0;0.0;0.0
1.7477608849221635e+18;Wed Jan 17 23:20:41 +0000 2024;kala kantor membosankan, menjadikan galeri galaxy s24 sebagai sumber hiburan dengan fitur edit foto baru galaxy s24 nonton live samsung unpacked ikutan pre-order #samsungunpacked #galaxys24 @samsungid;0.0;1.0;0.0;0.0
1.7477608800860534e+18;Wed Jan 17 23:20:40 +0000 2024;wahhh aku habis nonton live samsung unpacked,dan si galaxy s24 emng canggih bngettt,jadi pngen ikutan pre-order #samsungunpackedâ€¯â€¯â€¯ #galaxys24â€¯â€¯â€¯ @samsungid;0.0;1.0;0.0;0.0
1.7477608707830948e+18;Wed Jan 17 23:20:38 +0000 2024;galaxy s24 emang luar biasa, bisa edit foto langsung dari galeri. nonton live samsung unpacked bikin kagum, pengen ikutan pre-order nih! #samsungunpacked #galaxys24 @samsungid;0.0;1.0;0.0;0.0
1.7477608648355804e+18;Wed Jan 17 23:20:36 +0000 2024;mantap deh ini, pokok ya oke ggt lah galaxy s24 nonton live samsung unpackedyukk biar tau lebih nih mantap #samsungunpacked #galaxys24 ikutan pre-order jugaa  @samsungid;0.0;1.0;0.0;0.0
1.74776083698124e+18;Wed Jan 17 23:20:30 +0000 2024;kala kantor membosankan, menjadikan galeri galaxy s24 sebagai sumber hiburan dengan fitur edit foto baru galaxy s24 nonton live samsung unpacked ikutan pre-order #samsungunpacked #galaxys24 @samsungid;0.0;1.0;0.0;0.0
1.7477608192728108e+18;Wed Jan 17 23:20:25 +0000 2024;gue lagi scroll foto di galeri, tiba-tiba ada opsi edit pake ai, hah, galaxy s24 emang next level! galaxy s24 canggih nonton live samsung unpacked ikutan pre-order #samsungunpackedâ€¯â€¯â€¯ #galaxys24â€¯â€¯â€¯ @samsungid;0.0;1.0;0.0;0.0
1.7477670468495772e+18;Wed Jan 17 23:45:10 +0000 2024;gausah sarjana kalo gak pikir panjang ada orang jual iphone pro maag 15 harga 2jt.  common sense aja sih. 20 orang tergiur, dapet 40jt semalem.  gaji umr kalah pinter?;0.0;0.858;0.142;0.4215
1.7477662646496916e+18;Wed Jan 17 23:42:04 +0000 2024;@tanyakanrl material bodi yang kini sudah memakai titanium serupa iphone 15 pro dan pro max. wow.;0.0;0.703;0.297;0.5859
1.7477633898611144e+18;Wed Jan 17 23:30:38 +0000 2024;caseme casing aesthetic magsafe iphone 12 13 14 15 pro max case leather anti menguning anti slip dengan harga rp88.000. dapatkan di shopee sekarang! https://t.co/nx2n2mtrn7 https://t.co/btnnfmqik6;0.213;0.787;0.0;-0.5574
1.7477633789266125e+18;Wed Jan 17 23:30:36 +0000 2024;case magsafe space iphone x xr xs 11 12 13 14 15 pro max softcase barbie color dengan harga rp75.000. dapatkan di shopee sekarang! https://t.co/y8aagxwgjp https://t.co/znqhkyaqru;0.0;1.0;0.0;0.0
1.747762653580407e+18;Wed Jan 17 23:27:43 +0000 2024;tempered glass iphone 15 full cover - premium glass pro dengan harga rp49.500. dapatkan di shopee sekarang! https://t.co/u7ikvaoajg https://t.co/4y1ypo3ykj;0.0;1.0;0.0;0.0
1.7477624131670513e+18;Wed Jan 17 23:26:45 +0000 2024;iphone 15 pro max or samsung galaxy s24? ğŸ¥²ğŸ¥²ğŸ¥²;0.0;1.0;0.0;0.0
1.747761950958793e+18;Wed Jan 17 23:24:55 +0000 2024;iphone 15 pro max vs samsung galaxy s23 ultra water test https://t.co/saw8wqfmwd;0.0;1.0;0.0;0.0
1.7477495739285873e+18;Wed Jan 17 22:35:44 +0000 2024;â€¢ iphone 15 pink edition , cuma 3 juta !  link shoope : https://t.co/yqkek8llqd https://t.co/mlnvt8xgmn;0.0;1.0;0.0;0.0
1.7477449485633828e+18;Wed Jan 17 22:17:21 +0000 2024;hydrogel anti gores belakang bezel side untuk for iphone 11 12 13 14 15 pro max 14 15 plus 13 12 mini x xr xs max 7 8 se 2 3 dengan harga rp19.500. dapatkan di shopee sekarang! https://t.co/s7ofxescjq https://t.co/y05aqck3hi;0.108;0.892;0.0;-0.3182
